{
  "library": "tick",
  "uni_exp_ms": 0.9543559863232076,
  "uni_exp_runs": [
    0.9625920065445825,
    0.9543559863232076,
    0.8428269939031452
  ],
  "uni_exp_n_events": 1171,
  "mv_exp_likelihood_ms": null,
  "mv_exp_likelihood_runs": null,
  "mv_exp_likelihood_status": "FAIL: RuntimeError: The sum of the influence on someone cannot be negative. Maybe did you forget to add a positive constraint to your proximal operator\n",
  "mv_exp_least_squares_ms": 2.6776619924930856,
  "mv_exp_least_squares_runs": [
    2.7270249993307516,
    2.636826000525616,
    2.6776619924930856
  ],
  "mv_exp_least_squares_status": "ok",
  "mv_exp_n_dims": 5,
  "mv_exp_n_total_events": 3940,
  "T": 29.197850000000003,
  "decay": 1.0
}