{
  "library": "intensify",
  "uni_exp_ms": 1.2108570081181824,
  "uni_exp_runs": [
    1.3690530031453818,
    1.2108570081181824,
    0.9154029976343736
  ],
  "uni_exp_n_events": 1171,
  "mv_exp_ms": 1.6638340021017939,
  "mv_exp_runs": [
    1.7392559966538101,
    1.609081999049522,
    1.6638340021017939
  ],
  "mv_exp_n_dims": 5,
  "mv_exp_n_total_events": 3940,
  "T": 29.197850000000003,
  "decay": 1.0,
  "branching_ratio": 0.7946548061489405,
  "homogeneous_poisson_fit_ms": 0.003416003892198205,
  "homogeneous_poisson_runs": [
    0.006061003659851849,
    0.003416003892198205,
    0.0023049942683428526
  ],
  "lgcp_log_likelihood_ms": 0.2390570007264614,
  "lgcp_log_likelihood_runs": [
    0.2457999944454059,
    0.2390570007264614,
    0.23157399846240878
  ]
}