{
  "library": "intensify",
  "uni_exp_ms": 0.8930229960242286,
  "uni_exp_runs": [
    1.0048930125776678,
    0.8930229960242286,
    0.8540109993191436
  ],
  "uni_exp_n_events": 1171,
  "mv_exp_ms": 1.6016119916457683,
  "mv_exp_runs": [
    1.6016119916457683,
    1.5715960034867749,
    1.6234819922829047
  ],
  "mv_exp_n_dims": 5,
  "mv_exp_n_total_events": 3940,
  "T": 29.197850000000003,
  "decay": 1.0,
  "branching_ratio": 0.7946548061489405
}