{
  "0.5": {
    "n_bid": 3354379,
    "n_ask": 1285210,
    "T": 0.5,
    "uni_intensify_ms": 892.1830330073135,
    "uni_intensify_runs": [
      908.7628870038316,
      885.2318080025725,
      892.1830330073135
    ],
    "mv_intensify_ms": 1314.4374399998924,
    "mv_intensify_runs": [
      1272.9153140098788,
      1322.2248149977531,
      1314.4374399998924
    ],
    "mv_intensify_branching": 0.999000009269042
  },
  "2.0": {
    "n_bid": 4662325,
    "n_ask": 1781168,
    "T": 2.0,
    "uni_intensify_ms": 1338.928447003127,
    "uni_intensify_runs": [
      1365.379987997585,
      1323.9527619880391,
      1338.928447003127
    ],
    "mv_intensify_ms": 2079.0001659916015,
    "mv_intensify_runs": [
      2084.072929006652,
      2079.0001659916015,
      1877.1861440036446
    ],
    "mv_intensify_branching": 0.9990000093397227
  },
  "10.0": {
    "n_bid": 4662325,
    "n_ask": 1781168,
    "T": 10.0,
    "uni_intensify_ms": 2274.859165001544,
    "uni_intensify_runs": [
      2258.9946239895653,
      2274.859165001544,
      2375.270011005341
    ],
    "mv_intensify_ms": 2238.5186439933022,
    "mv_intensify_runs": [
      2139.9767179973423,
      2238.5186439933022,
      2367.5694309931714
    ],
    "mv_intensify_branching": 0.9990000093401648
  }
}